indiv_nurse,screen_name,username,tweets,followers,following,SA,bio
yes,@miridc_sweet,Miri,"8,300",66,286,"2,190",Instagram: miriidc! BCN- Spain #Nurse student #Serendipity Sweet and Sexy with stile. Enjoying life's little things #shopalcoholic Cheerz Code: MIRIEH
yes,@Teshaunaturale,LaTeshia Strawder,115,18,94,"1,379",Nurse Mother Wife Minister & Teacher. Still on this roller coaster ride!
yes,@Skylar_Bass,Skeeter,"1,795",117,191,873,"I am 19, musician, reader, and a future nurse. I am sleep deprived and too friendly. __My heart is taken by @TraywickLindsey__"
yes,@Murse80,David Gagliano,506,69,240,"1,828","I'm a Murse (male nurse), father of an autistic child, and wanna be writer."
yes,@A7Toepke,Andrea Toepke-Floyd,"1,011",232,257,"1,162",Nursing student at JC! I'm loving life :)
yes,@5589loooove,΍ӡ_,"1,843",289,268,976,_ Lions #10 ܌ / Alice / nursing _ __
yes,@jordandalewyatt,Jordan Dale Wyatt,"6,103",451,101,"1,358",John 3:16/Psalm 23:4/Luke 12:48/ephesians 4:32/Acts 10:10-13/Proverbs 22:7/John 8:32 God family friends hunt fish LAtech Nursing taylordisotell R.I.P Henry Dale
yes,@ieica06,Ang̩lica Cand_n,"4,399",238,245,676,"I'm gonna show you crazy, maniac, sick bitch, psychopath.ύ Nursing Estudent_| HMO, SON | VER, MX| ID: 30*1*678858"
yes,@tamaramorgan1,Tamara Morgan,"5,367",751,802,"1,877","Wife to 1, Mother to 2, Nurse to many... RCN Wales Board member - Active RCN member, RCN Steward #NursingCounts #EDSwarrior - Views are very much my own..."
no,@charlesbloe,CharlesBloeTraining,"1,147",371,"1,342",259,"Experts in providing high quality courses and clinical updates for nurses, doctors, paramedics, pharmacists and other health and social care staff."
yes,@bwayhoney,Karen O'Donnell,852,124,164,"2,379","Photographer weddings, headshots, newborn/kid/family portraits, actress, singer, director, retired registered nurse,wife, mother, grandmother."
yes,@laurenanncurtis,Lauren Curtis,"1,972",204,487,"1,313","21 - student nurse - enjoy the small things, dont take life for granted."
yes,@BrianRifqi,Brian Rifqi Andinata,"5,051",382,304,"1,977",[ The personal clown of the greatest nurse @israajuliana ] Interprovince Relationship IJ22 International relation of Riau University '12
no,@hopexann,Hope Freuden,912,209,445,605,"CNA student at Steel Center, Future Nurse, Semper Fi to my future Marine, SVHS"
yes,@OnlyySunshine,Ashley,"3,903",104,166,"1,515",Ashley. Twenty-Two. Nursing. Red Sox.
yes,@kelsey3lisabeth, Kels ,978,352,454,"1,245","God First + Shiner-Victoria est.1996 [College Life] *dream chasin* Pediatric Nurse Practitioner , only dead fish go with the flow.."
yes,@drunkbeater,Michael,"7,169",196,356,"1,484","Nurse, Martial Arts Fan, Libertarian. Rabble Rouser I Party"
yes,@Crossey6,Liam Crossey,167,369,719,"1,886",Evertonian and Mental Health Nurse
yes,@picken,Nancy Parr,111,24,226,"2,612",Rural Wound and Ostomy Nurse
yes,@NickyV,Nurse Nicky,486,89,89,"2,584",
yes,@clara_luke,clara oluchi,226,94,142,"1,301",Registered nurse from Nigeria currently studying in Ghana for my Bsc. And I luv reading novels alot especially on wattpad
yes,@ToniBrownskin,Shuntoni F Evans,"2,349",100,140,"1,854",Nursing is my passion. My family's keeper. Loving my life to the absolute fullest.
yes,@HelsReilly,Helen Reilly,252,41,85,"1,574","Mental health nurse, crossfit nut, trail runner, mud loving, cat hugging, crochet making, gamer."
yes,@Its_Me_FatimaT,Fatima,137,25,181,"1,024",What is this complete utter nonsence?!? #Me #Nurse #NHS #Foodie
yes,@katelaugh93,Kate Laughton,"5,108",231,274,"1,944",student nurse and crazy cat lady
yes,@slg_92,Sara Garcia,"1,594",71,249,"1,344","22 years young. Been with the lovely, Tyler Drew since 2008!  LPN. Studying Nursing to get my RN-BSN. Sissy to 3 youngins. Family is my world.  Shopaholic."
yes,@ezgi_ozcelik,Ezgi z̤elik,"3,593",122,130,"1,129",Acibadem University/Intern Nurse
yes,@Cazzytin,Al kizzy L. Jimenez,"8,958",300,373,589,REGISTERED NURSE II Tonilex Member
no,@Qj4Xj,nurse maram,359,33,103,289,
yes,@AofziiAn,Anchalee Sunthonsuk.,"8,955",54,372,"1,923",#101 Ayutthaya WIttayalai school. #15 BCNNON school of nurse MU.  RN at PRIEST hospital.
yes,@moonface3333,moon,432,64,138,445,I'm woman I'm married I have 2 girls I'm a nurse
yes,@AyenElyana,nurul asykin elyana,"3,357",204,475,526,nurse to be | perak
yes,@NicComptonJones,Nicola Compton-Jones,228,95,148,866,"#hellomynameis Nic. Mum, wife, proud to be a nurse working as a Practice Education Facilitator. Tweeting in a personal capacity."
yes,@mlnursing13,Marcie Lee,"1,178",87,255,"2,096","I am a Senior Nursing Major at Marian University, love the outdoors, love laughing and love watching movies!"
yes,@carcenio0308,Carleen Arcenio,"1,708",86,343,"1,816",Agustinian Nurse by heart.Dreamer.Lover.Carefull and careless.Broken and whole.I am everything and nothing all at once.
yes,@erota1rn,EMichele,"3,854",151,497,"2,392","Mom of 4, Registered Nurse. Married. Sports fan due to years of abuse growing up with 4 brothers!"
yes,@itsmeangelxoxo,Angelus,175,18,126,"1,457",Booknerd. Mom. Wife. Nurse. Not necessarily in that order.
yes,@Mzawesome,Alicia Marie,"7,192",282,283,"2,128",Awesome + amazing= Alicia!(ah-lee-see-ah) #Nurse & Forever Activist Wishing I could save the world with red velvet cupcakes :) # #Nursing #Peace&Love;
yes,@Discover_AIAM,AIAM,"1,325",57,14,"2,178","A Private Higher Education institution teaching Massage Therapy, Acupuncture, Medical Assisting, and Practical and Registered Nursing"
yes,@KT_Curtin,Katie Curtin,671,105,283,"1,590","I go to Catholic University of America (CUA), majoring in Nursing. My life: Class President/Student Government, Dance, & Swim. __ 3"
no,@BPinNursing,BP in Nursing,430,639,"1,375",406,"Best Practice in Nursing gives free CPD clinical training and hands-on, practical workshops for all primary care nurses. Part of @BestPracticeuk 19-20 Oct 2016"
yes,@edya_evie,Evie Edyawati,327,122,249,"1,429",I am a nurse | 92 lines | 11th may | i love Allah SWT and my family | cherish... respect.. smile... :)
yes,@RandiLynne723,Randi Rogers,323,62,172,"2,280","As a nurse, I take care of kids. I am a wife, mother to a little girl and two doggies, and am pretty crafty."
no,@JanelleMonroe_,Janelle Knapp,"3,825",65,127,"1,958",Janelle. 19. Engaged to Benjamin Andrew. Certified Nursing Assistant. Disney Freak. 1950s Lover. James Dean. Marilyn Monroe. Vintage. NOH8.
yes,@mindywaddell08,Mindy,853,89,323,766,Busy Mom of 3 active kids. Registered Nurse. Enjoying life without regret!
yes,@elligarnett,Elli Garnett,"1,268",157,346,"2,072",Staff Nurse. Middlesex MGA. 
yes,@KayleighBarno24,Kayleigh,904,45,81,"2,161",Currently studying Adult Nursing in Nottingham.
yes,@pangmjjeje,_Pang-Jae_,"6,186",307,686,"1,263",Support TVXQ! and JYJ! Nurse...BNC32 Always keep the faith
yes,@Drunkenz16,Adolfo Monterroza,264,13,24,"2,409","Gamer, Loves telling fiction in day to day basics. Occupation: NICU Department Assistant 2011-14, NICU system support 2014- _. Working on becoming a Nurse."
yes,@anitaruckledge,Anita Ruckledge MBE,102,58,88,602,Proud to be a dementia lead nurse at Mid Yorkshire Hospitals NHS Trust
yes,@Laurie_Martinez,Laura Martinez,711,232,302,"1,516","Aries , nurse, McFlurry lover. If it scares you, do it"
yes,@princeryan21,Rafael Sarip,675,47,66,"1,585","24 y/o from Philippines. Staff Nurse at Comprehensive Rehabilitation Center, Jeddah Saudi Arabia."
yes,@jay_RN,Jay HB Ramirez,784,48,137,"2,372",Filipino.Nurse.Christian.
yes,@federicatrento,Federica Trento,209,31,66,"1,191","swimmer, nurse, Erasmus exchange student in Finland....in love with an amazing boy _"
yes,@_MsBreadwinner,Natasha Monae' _,"1,647",289,75,"1,629",Proud Mommy of 3 _ Registered Nurse _ Hair Stylist __
no,@buugmedz,Courtney Middegaal,158,135,103,"1,369",
yes,@farrahdianne,xx.,572,166,344,237,bookworm. nursing student. recent gym rat. pens nation. and a fan of pretty much everything.
yes,@JustySimone,Justine S Pollard,186,24,110,"2,442",Registered nurse manager studying with the OU for a psychology degree. Wainwright Bagging 15 to go
yes,@laurabarton5,BakehouseTowers,131,121,255,"1,452",im a community nurse and love my job. i also make and decorate cakes for a hobby.
yes,@wtfkay_,Kay _,"55,362","1,320","1,073","1,801","BCU. . Marching Wildcat. Nursing. Be nice to me, I may have to save your life one day. Encourage yourself! hard work pays off _ IG: wtfkay"
yes,@icescreamirene,Irene,"2,859",191,157,"1,272",Romans 8:18 ; Heb 6:19 _Nurse _Do everything all for the glory of God live.laugh.love.forgive with no regrets
yes,@tip1975,Tiffany RN,"1,871",142,123,"2,386","OYD, Own Your Destiny: Shaping Nursing, Changing Minds!!..#kingdomstrong #Jesusrevolution #iamWhoGodsaysiam"
yes,@wonderWAJ,Wajiha A. Esmula,"19,882",491,447,"2,231",FEU Registered Nurse. 23. SuperMom. Queen of my own empire.
yes,@Worship_Dr,Laurell L.M.Wright,"3,754",193,248,"1,883","Servant of God. worship leader, author. Dialysis nurse."
yes,@Monibabe33,Monika Piatek,"5,546",312,280,"1,543",Nursing Student. Determined dreamer. Has ambitions to be crazy cat lady if marrying various celebrity crushes proves impossible.
yes,@sarahdunlap,sarahdunlap,"12,256",245,217,"2,514","Wife, daughter, sister, Christian, daydreamer, photographer, nurse, navi, adventuress."
no,@HealRomanRevolt,Dennis and Carolyn,"1,049",580,"1,503","1,315","Co-compilers of letters from a nurse, writing of her work, adventures and romances in 1926 China. Harriet was a keen observer and reporter of her times."
yes,@oxoatheeroxo,his princess,"3,301",190,240,"1,396",A Senior nursing student Never stop learning ۢ nothing can bring me down_my one & only @sbreiki
yes,@carlyzink,Carly.,"5,978",403,244,743,ECU Pirate Nurse. IG: carlyelizabeth_
yes,@MYMUSICNURSE,lovelikesong GOT7,"2,209",62,337,646,"MY NAME AE. I LIKE MUSIC , DANCE AND STUDY NURSING NOW."
no,@allyssa_waler,Allyssa Waler,344,125,94,366,Ohio University | Nursing Assistant | 20
no,@forbidden1tree,Zaynab binte Willie,"1,199",328,"1,169",427,"All praise belong to Allah alone, Alhamdulillah for everything. Born from a line of nurses, I love weightlifting, listening to Qur'an and being productive."
yes,@ArvinCotyItsMe,Arvin Cotiangco,127,31,105,"1,772","After the MISTAKE, prepare to have the LESSON... A FREAK all The Way... The FREAK everyone loves!!! The Student Nurse with the Hannah Montana Bag!!!"
yes,@disingo,Diane Singleton,133,98,226,"1,229",Nurse with a passion for improving the health and quality of life of older people. Founder and manager of the multi award winning Liveability Service.
yes,@y_o_taki,ً⠋**,"5,158",216,193,"1,696",...Nurse/starbucks/Cafe/travel/Disney/driving/snowbording/camera/girl sparty/positive/kichijoji/shibuya...
yes,@jessicamanning2,jessica manning,400,38,166,"1,788","Nurse, Mother, Minecraft lover and nerd."
yes,@efi_djuliana,Evi Yuliana,128,64,193,971,Nursing Academy of Kesdam IV/ Diponegoro
yes,@Laffers,Richard Lafferty,"3,569",386,561,"2,472",Child and Adolescent Mental Health Nurse. Amateur Runner. Music | Running | Coffee | Mental Health
yes,@wadtcares,wadtcaresnursing,153,16,44,"1,756","Wadt Cares Nursing Institute- 'your partner for success' We train Health Care Professionals to own their own Home Health Care Agency, ."
yes,@AmberFairman,Amber Fairman,299,38,97,"1,005","Hockey, Nursing, College&Parties;, and Parenting -is what I do"
yes,@JennaJacksonBro,Jenna,"6,391",217,524,"1,519","Pre-Reg Adult Nurse. Philosophy, Theology and Ethics graduand. 1940's Swingdancer, ex competitive Rower"
yes,@NurseMamaMcCall,Mama McCall,531,411,351,553,I'm a nurse at Beacon Hills Hospital. My son is Scott. Don't mess with me Okay? [#BF/Unclaimed/Straight/#MamaMcCall] #LurkingNurse
yes,@tomit0o,Fatimah Sadeq,"2,519",201,584,"1,074","4th year Nursing student@UQU,from Dammam,Born in 21/1/1994,I hope be a good Nurse,,Be Happy :)"
yes,@leigh_mcmahon91,Leigh McMahon ,113,117,441,658,22. Student Nurse #finalyear #happy :):) Twitter No.2 #Woops
yes,@Alexisboyd7,Alexis Stephenson,"1,892",215,633,"1,589",This hope is a strong and trustworthy anchor for our souls. |Hebrews 6:19| _ҕ IUS Nursing 2016 {HCS_}
yes,@mizzsharice18,iits_china_babe,"1,130",165,245,"2,204","living & loving my life! *future nurse* if you wanna know more just FOLLOW ME :),"
yes,@Hannahruschke,Hannah Ruschke,238,117,365,676,An absolutely awkward and caffeine-dependent human being future nurse uc
yes,@DebbieGoode5,Debbie Goode,322,395,153,167,Lecturer in nursing at Ulster University and critical care nurse. I am also a PhD student (Older people with mental health needs in the ED).Ulster Rugby Fan.
yes,@lorane1014,Lorane L Miller,153,3,23,"1,150",Nurse. Travis Tritt's first fan.
yes,@Ethiopian_lovee,ethiopian_lovee.. IG,"5,716",701,88,"1,703",Loves God. Ethiopian. Nursing Student. Blessed
yes,@MrsKDAndrea,Kelley Andrea,"5,414",67,134,"2,276",Christ follower. David's Wife. Talia's Mommy. Friend. Nurse. Human. Photo-happy. Xaviarian. Silly. People loving. Vegan-ish. Talkative. Joyful. Ezer Kenegdo.
yes,@drandrewadler,Andrew Adler,304,47,92,613,"Psychologist, educator and nurse teaching health promotion, mind/body/spirit connections and all things cultural."
yes,@hallewisniewski,Halle,"8,209",233,203,"1,325",University of Wisco. Future nurse
yes,@nursie6,Nursie 303,"5,827",750,"1,112",547,"Nurse Scot/Brit happy in the Union. 3 kids,3 Chickens one Hamster. Golf and football for fun"
yes,@Blondie3090,Victoria Wallace,"2,037",111,221,"1,612",Veterinary Nurse RVN BSc (Hons) with a passion for Les Mills classes. Lives for the weekend :)
yes,@kissmyfattyfat,Sunshine,"36,681",44,124,"1,846","Certifiably insane in the membrane. Raised by a trucker & nurse in one. Don't always get shit right, but we damn well get it done."
yes,@cambriahandy,Cambria,"2,623",309,156,676,nursing || university of toledo || joshua christopher
yes,@kristenfudge,Kristen Fudge,"3,237",200,173,"2,346",20 years old and future nurse !
yes,@MareBear2014,Maryann Lualhati,"32,088",363,129,"1,438","ϬTake every chance you get in life, because somethings only happen onceϬ CMK Healthcare & Training Institue '16 Ϭ Nurse in training"
yes,@bone__health,sam cross,"19,020","1,506","1,740","2,335","Specialist in Dementia,Osteoporosis,Telecare,Falls&Independence.;Nurse.BSc(Hons)Psych ology.MSc Health Psychology.Functional Assessor. Social Media savvy Rotarian"
yes,@MrsSLWilson,Mrs Stacey Wilson,"1,997",253,607,"2,423",proud mam of Ellie and happily married to Paul. staff nurse
yes,@VrableHealth,Vrable Healthcare,155,30,49,503,"Ohio Skilled Nursing & Rehab Centers - Long-term Care, Short-term Care, Rehabilitation Services, Hospice and Respite Care, Alzheimer's / Dementia Care"
yes,@polo_ss365,D. Smitty,"1,856",305,348,"1,750",Youngking on a mission to make a million! Future DNP! Registered nurse!
yes,@Leonafoster62,Leona Foster,"1,907",152,"1,078","1,566","Nurse @ GP surgery. love it.Two fab sons and husband . Football mad house Love Liverpool, Arsenal, WHam and all things Irish!"
yes,@HPNRC,HP Nursing & Rehab,838,92,129,"1,300",Highland Park Nursing & Rehab is the ideal place for short term rehabilitation or long term comfort. http://t.co/2LzpOG4n2K
yes,@redearlybird,Joanne Young Evans,"2,232",60,67,"1,701",Mom of a future nurse & proud to lead such a caring organization!
yes,@NurseOkanyks,nurse hillary,112,28,212,"1,250",nurses are respected every where in the world so come and be part of this large family..........@nursehillary
yes,@mac_rhona,Rhona MacLeod,"15,313",430,613,342,"Singer - songwriter, retired Occupational Health Nurse - and a Granny very much against #Fracking and UGE in all its forms! Also active with @SLAUGORG"
yes,@CarterZara,Zara Carter,590,168,383,"1,295",I'm Zara. Im 23. I Speak My Mind! I Am Not One To Follow Trends! Galaxy S5! Scott.......You Are My World!
yes,@coley__x,Niicole,988,98,565,"1,659",".. 23years old .. ld nurse.. live, laugh, love"
yes,@jailnurse1331,Jailnurse,934,157,510,"1,382","Single mom, correctional nurse,seeking the truth, driven to care."
yes,@jodyjyoung,Catholic Jody,"1,744",66,216,"2,505","Catholic, Prolife,mom,nurse,happily married to Chris"
yes,@janicekoro,Janice,166,66,197,"2,299","conservative, registered nurse, news junkie, christian,"
no,@___M23S,__ ,"1,338",466,402,807,tid  izmnursing classsoftball baseball CarpShimizu Shotabacknumber1223
yes,@calebmiguel,lily ganir,826,47,515,"2,178","Nurse, dancer, sports-lover, fashionista, bussinesswoman..."
yes,@alymae47,Aly Keihl,915,86,342,"2,317",Rock girl at heart! Nurse in real life!!!
yes,@Dbeck13010,Andrew Beckmann,"20,382",803,626,"1,486",DeSales Alumni 2013 #LiveTheFourth Nursing Major & Psych Minor. Everything Happens For a Reason. Strive for Excellence & Never Settle #HaveFaith~Isaiah 41:10~
yes,@bouchieball,a jurski,177,15,127,"2,454","nurse anesthetist, teacher, administrator"
yes,@CakesbyFionaMac,FIONA MACKINNON,985,349,"1,014","1,354","Specialist nurse ,ex midwife NHS Highland. Adore my 3 moggies & hubby. I also make cakes! See Facebook 'Cakes by Fiona MacKinnon'. Views are my own."
yes,@sarahkayeklein,fat girl to fit girl,623,362,634,"1,008","On a journey to a healthy life. 25, 5'7 HW: 225 SW: 181 CW: 145 GW: 127. Avi is me. Coffee addict, ER nurse, trauma junkie. #fittie, #fitfam"
yes,@sunnysuey,susan cornick,796,14,28,"1,374",p/t houskeeper at a nursing home. Mum to 2 girls.
yes,@MoopMoopz,Morgann Chabot,170,42,171,"2,370","Keep your days out my week! Nurse in a psychiatic hospital in Avignon, France"
yes,@anniestoph,andrea stopher,600,56,123,"1,330",Wife and homemaker by day:: labor nurse by night:: In love with Jesus more everyday:: college and career director at franklin first ag:: LOVE life
yes,@exquisjewellery,Jenn,868,103,142,"1,700","Dental Nurse,Author and jewellery designer! Addicted to Cavetraining,addicted to books! Loving life! Kik/kiddykad-Instagram/jennthomo"
yes,@asvincent,Amanda Vincent,208,21,463,"1,714",Wife. Daughter. Sister. Nurse. Photographer. Lover of life and the Seahawks.
yes,@Bobby_Channell,Robert L. Channell,"5,403",564,527,"2,322",From Elkins WV  _ҕLives in Charleston SC 23 Nursing. Medical University of South Carolina
yes,@Megankatie3,Megan Pearson,"4,240",305,405,"1,284",University of Surrey - Student Nurse
yes,@nursealissa,Alissa Zimmerman,435,22,49,"1,026","Nightshift nurse, avoiding homework, loving life and food"
yes,@fullyloadedshit,Lily Nurse,503,79,584,"1,458","I hate people mostly for no particular reasons, get over it."
yes,@iamrhaiii,Raizza Llameg,"1,326",175,387,847,Happy and contented with him__ | 22 | Filipina | Registered Nurse | instagram: iamrhaiii
yes,@Colvil_Star,Colvil Star,144,87,158,410,"Student Learning Disabilities Nurse, Class Rep, member SLDNN sub-forum, Girl Guide with LD branch and I love cats & unicorns!"
yes,@kfish_11,Kayla Fisher,"2,406",248,293,"1,393",SIUE | School of Nursing
yes,@maalim_,admiral maalim,136,107,772,"1,457",young kenyan muslim..community health nursing officer and psychologist counselor in social media advocate for the children rights featured for change.
yes,@MagusTycho,Psyborg,728,49,41,693,"I am a Dork of all Trades. Nursing student, Nerd, Gamer, Hiker, Twitch Caster: http://t.co/oYz7SC9NQS"
no,@tamapiyo_icg,"ً_('ۢ_,')",356,107,173,365,((..Kis-My-Ft2  tama/93line..nurse)) DREAM BOYS 2015.09.06 09.09 09.16 09.22 09.26 Kis-My-World 08.31 09.17 09.18 9.19 Next 10.28 10.29
yes,@callietay,Callie Wells,"1,009",240,174,"2,359",Knoxville is my home. Living my dream of being a Registered Nurse and loving on The Lord's people. Life is good!
yes,@galekristine,Kristine Montecer,"5,845",209,292,"1,607","I am born to be a nurse, not made. :)"
yes,@shamayel411,SHAMAYEL,"1,823",870,"1,996",143,Nursing 5OF'June it's mine
yes,@bduncan09,Brittany Duncan,780,41,73,"1,431","NURSE!!!!, mother,wife,sister,daughter love my family with all my heart"
yes,@krockrn,KRockRN,"1,206",24,64,"1,361","Nurse, future lounge singer (OF COURSE, with boa!!), and wine drinker."
yes,@SarahELipinski,sarah lipinski,"1,049",20,85,893,registered nurse just trying to make something of this life... allons-y!
no,@12nurseE,PRIDE XII-E,699,34,34,975,"XII-E IF THE KIDS ARE UNITED, THEN WILL NEVER BE DIVIDED. - Someday they will be the greatest nurse team in the world - Best Teacher Bp. @YanyanBaehaki"
yes,@eternallyjosie,Josie Cook,"1,913",173,273,"1,231",first year nursing student af
yes,@natie15_24,Natalie Wilson,"12,014",550,519,"1,499",Colby Sawyer Nursing Student '19
yes,@PinkAngelNans,Nans Ortega Tinghil,518,13,97,"2,407",Practical Nurse. Popster. Loves Music. Loves Dog. Loves you.
yes,@Chrissy572,Chrissy Swinford,404,36,257,"2,265",I'm a Nurse...from the Bronx....Spiritual...love Rock-Roll music & the outdoors.
yes,@JeannaThomson,JEANNA,158,35,243,"1,241","Aquarian, nurse, dreamer, poor eccentric & lover of shoes, clothes, animals & the great outdoors"
yes,@elms51,anthony prescott,647,334,"1,024",752,"Nursery nurse, 41 living on borrowed time so they say, looking at life in a very new perspective"
yes,@KarrieHealy,Karen Healy-O'Connor,928,809,921,"1,127",Dental Nurse. 23. Manchester has everything except a beach - Ian Brown
yes,@1BeautifulLady_,BeautifulQueen,"8,048",370,763,"1,762",22 Years Young---Libra _ Georgia Girl Future Nurse The Key To Success Is Hard Work && Determination Ϭ
yes,@Vanz_Mae,vanessa mae,"1,219",152,173,"1,999",| V;Mae | Chula Vista CA | Mexican-Filipina | 5'2 | Student Nurse | SWU | Cebu City | Engaged | I LOVE LEE MAR ADRIAN SACEDA |
yes,@azuzzz,avhie caluza,162,12,150,"2,369",Registered nurse || proud faimanian || volleyball fanatic
yes,@alex_wesely15,alex wesely,"16,345",508,443,"1,001","full time professional colleger: UMU19, nursing major, , #DefendPopPunk"
yes,@Sini_H,Sini,940,59,124,"2,530","Registered nurse, crazy for music and movies."
yes,@uhobo,Sandra Hornung,229,31,438,"2,377","Nurse,wife,mom"
yes,@IvoryNurse,Ivory Yoshida,"1,806",176,35,490,"Revived from the dead! Mother of @Vampiresshibiki. I'm back and My needle is prepped, this nurse has a job to do"
yes,@JordannnnMonroe,Jordan Monroe,"3,349",182,338,"1,903","_, nursing student, avid reader, work out lover, and Disney freak ."
yes,@GusDwick,Dwi Permana,659,213,191,"1,535",My beloved @Asiih_15 and I'm proud to be a nurse
no,@ahmadmdaihli,􁯦_...,"15,970",397,128,"1,514",I live my own life and nurse my own wounds. It's not the best way to live. But it's the way I am.۝ _ 㯬_ _ ɯ __.
no,@RedDirtNurse,Red Dirt Nurse,931,37,93,834,"Hey, it's me..."
yes,@mharafaye,mara.palaroan,116,18,162,"1,143",former nursing student..a partimer..mother of two cute children..
no,@GodonMadock,Madock Godon,192,"1,109","1,338",816,"What goes in a cover letter, free credit score checking, credit card cash advance, writing a nursing resume."
yes,@haleyf21,Haley Finch,"2,384",123,313,"1,078","Future nurse, going to marry a lineman. Febuary 24, is our lucky day. _"
yes,@Katiexo8,Katie Villanueva,"3,490",53,214,"1,295",Katie. 20. New York. Future Nurse ;). Get to know me3
no,@yusausa226,⠋ȉ,"9,830",879,782,"1,349",1996.02.26Minou5_TUSS35_ nurse egg ((( Love : Music/ЋĻ/Nature/animal/_ԋ/_ĝ____  ))) Ц_ӡӡ_@yusaho_music __ follow me  ܋
yes,@ANACalifornia,ANACalifornia,459,211,325,"2,228",American Nurses Association California - The Voice of Professional Nursing in California
yes,@TXMichelle68,Michelle King,"5,870",795,993,"2,387","Wife, mom, nurse, chocoholic. 7th gen. Texan. NASCAR Fan Council. Fan of the #48, the Spurs, sports, music, satire... and other worthy things."
yes,@trinz,Katrina Calacal-Eroa,"5,019",114,283,"2,465",Critical Care Nurse. Blogger. Foodie. Movie Addict. Bookworm. Finally found the J not D.:) Proud Mama.
yes,@AasaBorg,sa,274,14,44,"2,072","Nurse, sailor and former handballplayer."
no,@BrookeNurse,Brooke Nurse,"23,348",341,90,"2,053",Chameleon soul. Stay cozy.
yes,@schubon,Bonnie Schuster,168,37,202,"2,386","Nurse, Mother of 2 beautiful daughters, wife. Belong to Operation Yellow Ribbon of South Jersey & the Warrior Watch Riders to support the Troops and Veterans"
yes,@EmilyGHackett2,Emily G Hackett,284,41,165,"1,226",Student Nurse. Mental Health Equality Activist. Clumsy. English Graduate. Rarely use Twitter.
yes,@mommaclare,clare,"1,741",107,247,"2,036",The only thing that limits you is your own imagination. Passionate school nurse
no,@HospitalSafety,Erica Jordan,907,652,65,"2,295","Erica Jordan is an Editorial Assistant, manages Infection Control Weekly Monitor and Hospital Safety Connection, blogs for Stressed Out Nurse and Patient Safety"
yes,@sierragray14,SIERRA,"3,266",605,"1,040",497,538_ frick nursing school
yes,@maggiefeith,Maggie Feith,529,79,172,371,Nursing major at the University of Tennessee. Choosing to be completely and perfectly and incandescently happy.
yes,@Cara_Martinez_,Cara Martinez,446,629,503,"1,053","Nurse on AAU. Just split up with my husband which, you know, sucks. RP account. Open to all RPs and storylines. OCs welcome"
yes,@daclnc,DONNA CRIDER,805,258,634,"1,677","South Carolinian, critical thinking legal nurse, Christian, mother, wife & proud American. Nurses making a difference with injury cases. 803-378-5759"
yes,@BA8YDOLLROCKS,Monica,"22,531",815,"2,007","1,864","Nurse, coupon junkie, shoe diva since 75'. Red headed spit fire who finally found her soul mate. PR friendly, Influencer, honest product reviews. NEW BLOG SOON"
no,@arichan7622,_ċ҉,"1,343",250,258,283,ՌΌ_Ռ__66ٍى___Ȍ_9ٍ ܏_ Ό_ى Love...ȣݨ/_Ǐ_/_ċ /__Φ/_/ܥ䩌ɬ/ɏ/_Ġ⣋ċā/Since۴۴2014.03.31My end goal Certified Nurse Specialist in cancer nursing.Ǿ_ݫǍʍݫǕ_
yes,@chweetness18,Sweden cuerdo,"4,094",127,277,"1,630",registered nurse/dancer/hopeless romantic chic/aspiring to be a chef/wanted to be fit and fab/ living life at its best!!!!!!
yes,@katmirandaaa,Kat Miranda,"2,298",127,509,"2,362",Registered Nurse.Pastry Chef.Events Organizer.Proprietor of Sweet Infini.Foodie.
yes,@byuntaengoo09,Lormayne Gevela,"3,006",131,"1,187","2,395",Nurse | SONE | VIP | ELF | Wonderful | Boice | EXO-L | A.R.M.Y | Inner Circle | iKON fan | Uaena | YONGSEO shipper | Monday Couple shipper |
yes,@MaAdDiiE_SMiTh,Mads,"13,396",896,718,"1,597",Nothing DZLES Like Diamonds ۢ UWG Honors College ۢ Nursing Scholar ۢ
yes,@ryansamson,Ryan Samson,"3,124",95,318,"2,386","Geek all day. Nurse by night. Avid Gamer, Foodie, and Friend of the Happy Hour // KCCO // Viva la Android!"
yes,@27shandy,Renee,526,68,86,"1,287","BSc in Biology (NU '14) BSc in Nursing (LU '18) ya the gym, the beach"
no,@EGEALeadership,EGEALeadership,354,232,21,"1,397","An organization of certificated staff - PreK-12 teachers, nurses, counselors, library media teachers, and speech, hearing and language therapists"
yes,@Amy_Lou1992,Amy McCollum,"2,634",64,91,"2,372","Christian,Laid Back,Gonna be a nurse Saved by the Grace of Jesus! oh and i love to laugh LIKE ALOTTT!!!oh and i Love EVERYONE!!!!"
yes,@kaylyheuven,Kayly ,"5,638",151,157,"1,253",Nursing Student. Popcorn Jelly Bellys. Wooden Shoes. Backstreet Boys. Wanderlust. Bran 
yes,@skyebo55,Skye Miller,354,32,32,649,"Skye Renee' Miller CSU '19! Dancer, Singer , Nursing Major Taken by the best: 10/05/2012 _"
yes,@berniewoodman,Bernadette Woodman,710,292,227,"1,046",StFX nursing | @AlecCranston
yes,@KristaA,KristaA,183,93,238,"2,508","twentyeight, nursing student, yoga lover"
yes,@NurseAmyIBCLC,Amy Harvick IBCLC,"1,456",599,165,"1,514","Breastfeeding Advocate. Nurse Practitioner, Certified Childbirth Educator (CCE) International Board Certified Lactation Consultant (IBCLC)"
yes,@aaliston317,Amanda Liston,962,157,145,642,Professional traveler. Proud member of 3 honor societies at FAU. Nursing major
yes,@0216Maekawa,kana__,"3,714",218,263,988,Ύ㌍щՏ_վ_ȍ nurse since3.18 Takeru
yes,@azziraknarf,Frank-Ja Valido,632,51,112,"2,235",Married; Nurse
yes,@VUAngela85,Angela,196,171,856,"2,248",Small-town girl. Daughter. Sister. Friend. Sister-in-law. Fiance. VU Sports fan. Bookworm. Nurse practitioner. Aunt. Phil. 4:6-7
yes,@charly_warly,Charly Hunter,"1,616",289,158,"2,282",Rugby player. Nurse. Animal lover. Tattoo'd and piereced. Quirky.
yes,@shabbarankine,Phil Whelan,"6,099",872,"1,762","1,846",Enjoys life. Loves Preston & Miss Frets. Very proud nurse for #teammacmillan. Cha.
no,@DwianRini,Dwi Anggraini,"1,235",209,192,"1,982","Andalas University `11, Nursing Science."
yes,@marymcbride,Mary Stanley,251,58,165,"2,417",Nurse. Wife. Lover of anything purple. Momma to 1 adorable little miss and 2 adorable fat(-ish) boy cats.
yes,@julehbee,julie viera,"5,983",179,276,"1,582",God is my Salvation_ Registered Nurse & Future MD
yes,@nietwestbos,Happy Pointer,"1,382","1,320","2,002","1,572",fatherof2 twins+1/addictionc. nurse/solution focused therapie/photogr./art/cooking/coffeelover/ex-farmer/. Est id quod est.
yes,@haitiandva86,Roberta Bernard,"1,192",33,143,"1,930","Nurse, Chef and all around go getter. Saving lives and filling bellies is just scratching the surface....Stay Tuned!!!!"
yes,@Payton_marie96,Payton,488,113,292,983,freshman at UT- Future nurse
yes,@Kathlee18853146,Kathleen Malone,278,48,33,840,"Fisherman, Nurse, Oculist, Comptroller"
yes,@Kels_hollis,Kelsey Hollis,"9,396",790,"1,021","2,538",1ģ9ģ {01:27:96} nursing major. Music fanatic. tattoo junkie. Mustang gang. Grey's Anatomy addict. shopahic. proud airforce daughter IG: kels_hollis96
no,@nini_smr,Nurhaini Rimosan,"3,509",479,699,"1,309","SMANSA Fakfak'14 | June,9 1996 | University Of Muhammadiyah Malang | Faculty of Health Sciences | Nursing Science"
yes,@jrfreerun,Julio Rodriguez,319,82,314,532,"Pursuing Nursing Degree, Pro Parkour Athlete, Volleyball player and coach."
yes,@spj230974,sally jones,145,11,42,"1,795",Very hard working nurse and mum. Love to spend lots of time mostly drinking wine with friends... well i work hard enough.
yes,@annisa94_annisa,Annisa Nurrohmah,952,93,254,"1,321",Nursing college student in AKPER ISLAMIC VILLAGE TANGERANG || Work in RS Qadr || Love Allah S.W.T and My Family :*
yes,@EndhFeraPratiwi,E F P,698,268,262,997,Lisp || nursing academy'
yes,@AnitaSiviwe,KingSiv,"26,217","1,204","1,067","1,230","ۢIG : siviwe_d ۢNursing Student ۢBe kind, always"
yes,@sandtats,Sandra T,"1,376",266,518,"2,462","Unrepentant bleeding heart, unapologetic Yankees fan; love animals, the arts, and gardening; nurse, concerned citizen of the world"
yes,@NeonSprinkles1,Neon Sprinkles,358,45,261,"1,525",in pursuit in my career in music and nursing :D UCONN class of 2014 here i come!
yes,@ricoheje,Jeryka Ricohermoso,172,35,54,"2,098",nurse and business process associate
yes,@laceybrianna15,Lacey,"1,412",173,186,"1,441","{Jesus lover, pediatric nurse, photographer, VFL} #iamsecond"
yes,@jmrn29,Jomaira Medina,226,35,43,486,"Christian, Mother, Wife, Nurse, Love life"
no,@ayaaya180620,aaaya,"4,075",324,282,854,__5_ԏ___ 3-5 / last jk / nurse class /Namie Amuro / muscle / rugby / April / Disney / Ariel / Donald&Daisy; / _ǌԋ܋_Ѵɾ
yes,@triksitaaa,trixy palad,"3,878",282,211,"1,985",YES. I AM A NURSE.
yes,@mirandajo_2013,Miranda Jo Theis ,708,83,314,"2,082",20. Lake of the Ozarks. MWSU! Nursing Major.  Chase Timothy Coleman 
yes,@Ms_Berry55,Halle,"4,632",392,385,"1,486",#KSU #Track #Nursing
yes,@JanetteOgnase,Janette Ognase,443,35,42,"2,185",Registered Nurse: I'd risk the fall just to know how it feels to fly :)
yes,@celdiiimayyy,Celdie Mae Bacarro ,"1,217",232,195,754,ЦThings worth having are worth waiting for_BS Nursing_ە
no,@nirachanurse,Nurse,"3,968",45,120,635,
yes,@Rajanikarki2013,Rajani karki,180,111,431,482,"Register Nurse of Nepal .I love my job of caring , And I m proud to be a CHRISTIAN.. JESUS loves you all...."
yes,@NovalinQuinshan,Nvalin_Quinshand,567,67,192,"1,435","Teacher, nurse & God army"
yes,@laurgabrielle,Lauren,"2,131",205,230,588,Lauren. 24. future nurse. loves food. traveling. television. girl groups. NYC. and Taylor Swift.
yes,@merveertugrull,Merve Erturul,"6,904",279,175,"1,944",Bahcesehir University - Nutrition and Dietetics & Nursing @Bahcesehirbes
yes,@mphoneo3,mpho neo,175,55,132,734,"Nurse,humble,caring"
yes,@amidgetcatcherz,Aric Butts,293,1,7,268,Just a hardworking Nurse who likes to unwind to video games
yes,@realjoseph21,Joseph Ellodo Diano,626,8,127,424,"IG: realjoseph20| Twitter: realjoseph21| http://t.co/28nzsZytzr_ Singer, Stage Actor, Stage Director, Foodie, Gala, Nurse, at Author"
yes,@WesleyAprilS,Wesley Sumner,854,108,573,645,"Christians, Parents, Nurses"
yes,@Billie_McColl,Billie Mccoll,303,131,375,"2,206","23, Nurse. Be happy be who you want to be. If others dont like it let them be. As the saying goes happiness is a choice. Life isnt about pleasing everybody "
yes,@oraoctavianibpt,oraoctaviani.B,352,283,57,"1,119",I'm a nursing student in high school university of widya nusantara Palu || IG:oraoctaviani_b
yes,@rachael2906,Rachael Hogarth,200,48,101,"1,910","Mum, fiancee and nurse extraordinaire!"
yes,@ora_dall,Chiara Dall'Ora,483,130,198,405,"RN, PhD student at the University of Southampton. Interested in workforce organisation, especially shift work and nurse&patient; outcomes"
yes,@SaraKendle,Sara Kendle,"3,499",266,603,"2,425",longwood university. nursing. i like nice bathrooms. frozen grapes are my jam.
yes,@emjordan11,Emily Riley,"15,881",650,438,"1,642",Registered Nurse. AdvoCare Silver Leader. Formerly Emily Jordan. Instagram: @emjordan11 Have you brightened anyone's day today?
no,@ComTechWV,ComTechWV.com,"1,818",178,"1,078",422,"Pat Ward, CPA. Provider of Automated Workforce Technology to clients with complex needs such as school systems and nursing homes/hospitals. I'm on Linkedin."
yes,@jellynurse,Niamh Connellan,"2,376",145,724,"1,775",Carebear Nurse.
yes,@inscolph,INSCOL Philippines,636,82,156,513,"Welcome to the official Twitter profile of INSCOL, Philippines. The world of NURSES!"
yes,@llisalang,Lisa Lang,930,9,27,"2,442","Music. Vet Nurse. Melbourne - San Diego - Melbourne. Maybe the only person left on the planet who doesn't blog or have a website, and who doesn't steal music.."
yes,@janaanseth,Jana,"2,568",116,219,"2,418",Bachelors of Kinesiology/Nursing Student/Mob Boss of the Local Scooter Gang... #Multitasking
yes,@_MariaAlfonso_,Mar_a Alfonso,"2,687",258,570,"1,482",Ex Au-Pair in Australia and London. Nurse in United Kingdom. 'Great things never came from confort zones'. Traveler. Shopaholic.
yes,@pattibrooks8486,Patti Brooks,493,24,73,"2,471","daughter, sister, mother, grandmother, friend, nurse"
yes,@Jmillie10,Jasmine Delaney,169,71,88,"1,503",Got that pretty girl swaggg :) 19 years livin. UC bearcat. Nursing Major. Taken by the best :) loving life and thanking God everydayy!! #getonmylevel:)
yes,@OzGirlinEire,Leanne Sheridan,331,76,319,"1,175","Me, mum, wife, horse owner, dog owner, nurse, singer and all round busy. Homesick all the time for Australia but Ireland will do for now!!!"
yes,@Sammie_Ahern,Samantha_Ahern,"7,330",482,446,"1,421",You've to be odd to be number one  - Dr Seuss Snapchat: sammie_jennifer Instagram: samantha_jennifer_11 Ε UCD Nursing
yes,@Moniprincezz,Moni,"4,877",261,302,"2,086",#lovin life #independent#nursing#selfmotivated #mommytobe
yes,@johnrande,John R Andersen,225,73,80,"2,323","PhD, obesity reseacher, nurse, lecturer, cyclist, messy cook, YNWA"
yes,@PiamMs,Khalani,"2,394",975,"1,856",808,Big time literature dork; avid science reader; curious with geopolitics; and faithful to God. Nurse by trade but always learning beyond my trade.
yes,@andrewatherton7,Andrew Atherton,120,114,68,393,cardiology research nurse at York. Keen to create more links with York university to involve students of all disciplines in research!
yes,@adropinmyocean,ۢkateۢ,"5,231",497,369,"1,031","This Rhode Island girl is taking on Pennsylvania as a Nursing Major at Eastern University 2019. If you don't like country music, you're doing life wrong."
no,@PANACRNA,PANA,107,139,21,621,We are an organization of Pennsylvania's professional Certified Registered Nurse Anesthetists and Student Registered Nurse Anesthetists.
yes,@camerzmarie,Play action sass,811,31,188,"2,312",My name is Camie. I am loving life. I want to be a nurse then a mental health nurse practitioner. I am a .
yes,@GlynisBenett,glynis benett,"1,110",190,364,"1,185","Mum, runner and nurse! views my own ."
yes,@PrinceNemoMmB,starboy,"3,828",222,"1,359","1,445",GodFirst #Soccer /CINCINNATI STATE #TeamJESUS #RN NURSING #TEAMRED #TEAMLAKERS #TEAMFCB #TEAMBENGALS #TeamLaGalaxy #teamOhiobuckeye Went5Kid@fuckyourlife
yes,@_BeautifulTy,IG : @AlyricAuntie_,"20,105",488,502,"1,618","21 | Talea My WORLD | Future Nurse | 08/07/2014, Was The Best Day Of My Life |"
yes,@Gemma_WT,Gemma Woods Topping,290,106,156,"1,361",22 - Newly qualified Staff Nurse. Don't listen to anyone thats says you cant have it all! ە
yes,@delaygrace,Sarah Grace,126,13,70,"2,399","Peace. Love. Nursing. Healing & Helping. Smile, giggle, laugh. Holding my head up high and building a good life!"
yes,@GentryBrittany,Brittany Renee,"4,957",578,643,"1,223",Nursing Major at LSUA! Brayden Lee Lemoine and Camden Joseph Lemoine are my precious babies! Tyler Cole is my forever!
yes,@Belle_Gallemit,Annie Vitug Gallemit,251,55,81,"1,899",DIV 1 Registered Nurse | PH ۢ USA ۢ AU {PeriOperative ۢ Theatre ۢ Recovery}
yes,@ChristyAshleigh,Ashleigh Joyner,"2,489",146,173,632,Believer| Family| Future Wifey| Friends Animals| Registered Nurse| Lover of life and all things fabulous
yes,@StaceyyBown,Stacey Bown,110,73,113,"1,858","21, Nursery Nurse. Live for my family & friends they're my world ."
no,@LovelaceEnterP_,Lovelace EnterPrise,"22,011",368,252,"1,996","LoveLace EnterPrise new Pin:327EF057 Host of Moms World http://t.co/ggWktyqlZX, Event planner,clubs and Marketing n a Nurse by profession"
yes,@KarenhOney14,Karen hOney Noble,196,4,24,"1,174",Im a Nurse  ..i  fashion! _ ..i  food ..i  shopping ..i can cOok ..i  my family n frens ^_^ and i  my God :)
yes,@eenerren,Renee Tacorda,"4,776",105,186,"1,465","i am a GOOD DAUGHTER, A FRIEND,a NURSE and future DASHING DOCTOR! :) 29461D8D"
yes,@LacedToHisHeart,Army Girlfriend_,127,257,185,471,"My heart is stationed at Camp Merril, Georgia _ On the way to becoming a Neonatal Nurse"
yes,@Kulinerunited,Kuliner United,209,59,114,639,Kuliner United Nursing Diponegoro University // For a Better Food and Health
yes,@itzmeleamay,Lea May Molina,141,52,162,"2,108",Nursing Student at Our Lady of Fatima University
yes,@anyalejna,Popo,180,13,37,"2,323",Loves God.Registered Nurse.Family Oriented.Cooking Partisan.Nature Lover.Animal Enthusiast.I Love Life!!!3
yes,@pichit_dara,Daranee Dhamma,170,18,64,"1,732",registerd nurse/Public Health
yes,@Sammy_Kae1995,Sammy Kae,"1,384",53,191,"1,455",Cambridge girl for life. Nursing Student. Loving the life the good Lord gave me.
yes,@kirstenlh23,Kirsten Horsburgh,"7,880","1,999","1,043","1,860","National Naloxone Coordinator @SDFnews, mental health nurse, all things harm reduction, @wcmtuk travel fellow 2015, http://kirstenlh23.wordpress.com"
yes,@DESTINY_NYCOLE,DESTINY_NYCOLE,"17,067",521,493,"2,281",#NURSE #DAUGHTER SISTER #FRIEND following my heartbeat @thaprince09
yes,@Damnbaby2009stl,cece,828,406,985,"2,081",IM NURSE AND PART TIME DANCER MY KIDS ARE MY WORLD AND LOVE GETTIN MONEY
yes,@WayCoolNurse,WayCoolNurse,164,110,322,"2,563",I am a nurse who sews fanatically.
yes,@aymzko,Amy Comeau,548,99,241,"1,391","Current student. Future Registered Nurse. Born in a small town, lived in a big city. Never let the fear of striking out keep you from playing the game."
yes,@shanika_dawnn,Shanikaaa,"12,757",191,194,"1,348","22. Future nurse. Tattooed. I truly believe the only real disability in life is a bad attitude. Life's what you make it, so make it the best. TDH"
no,@Lyjolu,Lynn swift,501,219,642,"1,636","Senior lecturer in public health. Love all things to do with nursing, books, music and chocolate (personal account)."
yes,@sjgus,Julie Rogers,373,20,64,"2,234","Being a mom is my job, nurse is my career & I chose to be a Doofenshmirtz!! Life's too short - gotta have fun!!"
no,@KaitlynPeffer,Kat,"11,232",320,487,"1,311",student @uwosh | future nursing student | loving and living life to the fullest with the best people possible | success and nothing less |
yes,@smith_shamica,Nurse Mica,404,49,96,434,"Full time wife, nursing student, mother of four and a nurse. Wife of a disabled vet. #momoffour #lpn #futurern #blackconservative #armywife"
yes,@Livvers,Lavinia Turnbull,"2,392",384,651,"2,440",I love good whisky and good music..great ways to make good friends!! Enthusiastic member of Burntisland First Aid Services Trust. Nurse in the making
yes,@scotintheland,Scotland McKenzie,181,236,602,726,| uleth nursing | gearhead | chevy cobalt | single |
yes,@sheelagh87,Sheelagh O' Droma,692,106,483,"1,341","Irish girl in London, Musical geek, Science Nerd, Animal Whisperer, Food Worshipper, General Messer, Professional Nurse, Trauma Junkie :)"
yes,@girlafraid13,Becky Barajas,949,31,43,"2,358",nurse. geek. and out there. im just me.
yes,@rebeccajane26,Rebecca Anstis,114,30,143,"2,299",I'm a Mental Health Nurse!!!!
yes,@izurollin_,Mariah loves Drake,"46,875","1,717",936,"2,043","I'm the coolest bitch you'll ever tweet | RIP to my fianc̩ @mac_kenny | #aquarius | trust me, im a Nurse | #unbothered | DON'T GET BLOCKED!"
no,@ckebunbun,KekeCkecke,"1,409",229,158,"1,972","Wanna be profesional nurse,,, :D"
no,@TheLoneStar_,Nurse TrillΔʔӁ,"8,869",324,325,"1,518",IG: youngtexmex
yes,@Nokelainen82,Jyri Nokelainen,"1,546",34,60,848,"Nurse, Football, Unnecessary tweets, #21"
yes,@micahabrooks101,ϬmicahabrooksϬ,"11,188",95,367,734,Simplicity is the ultimate form of sophistication. Future Neonatal Nurse Practitioner 1996 Clark state '17
yes,@tash_blake,MrsBlake2U,191,13,147,364,Full time mumma bear/nurse/cook/chauffeur/P.A/cleaner to Master Jagger. finished my studies on community Welfare and just loving newly wedded bliss!
yes,@mackintosh_mrs,MrsMackintosh,628,241,454,170,"Im an editor, copywriter and freelance journalist and keen blogger but qualified a preschool teacher and nursery nurse! Im a country mummy and thats me :)"
yes,@Kileyjorden134,Ky Jor,"20,842",495,160,"1,438",Future Neonatal Nurse Army Strong _
yes,@DesiPrice2015,*DesiPrice(:,"11,858",392,212,"1,447",18. SLU Nursing Student & @matt_bourbon72
yes,@Dream_Honey,Claire Walmsley,228,14,197,"2,229",All about me .. Mum Wife Shopaholic Cleaner Nurse Teacher and thinker.
yes,@m_Rajon,Rajon M,"5,889",126,88,"1,938","Wassup bitch, wassuppp. Talent at William Morris Agency / Photographer / Model / YouTube / Nursing Student / Barista"
